<?xml version="1.0" encoding="UTF-8" ?>
<!DOCTYPE generatorConfiguration PUBLIC "-//mybatis.org//DTD MyBatis Generator Configuration 1.0//EN" "http://mybatis.org/dtd/mybatis-generator-config_1_0.dtd" >
<generatorConfiguration>
	<!-- 本地数据库jdbc驱动包路径 -->
	<!-- <classPathEntry
		location="C:\apache-maven-3.3.9\repository\mysql\mysql-connector-java\5.1.34\mysql-connector-java-5.1.34.jar" /> -->
	<classPathEntry location="D:/apache-maven-3.2.5/respsitory/mysql/mysql-connector-java/5.1.34/mysql-connector-java-5.1.34.jar" />
	<!-- jdbc数据库连接配置 -->
	<context id="OracleTables" targetRuntime="MyBatis3">
		<property name="mergeable" value="false"></property>

		<jdbcConnection driverClass="com.mysql.jdbc.Driver"
			connectionURL="jdbc:mysql://localhost:3306/acc" userId="root"
			password="root">
		</jdbcConnection>

		<javaTypeResolver>
			<property name="forceBigDecimals" value="false" />
		</javaTypeResolver>
		<!-- targetPackage为本地实体类项目相对路径 targetProject为项目包绝对路径 -->

		<javaModelGenerator targetPackage="com.whty.dzuser.base.pojo"
			targetProject="src/main/java">
			<property name="enableSubPackages" value="true" />
			<property name="trimStrings" value="true" />
		</javaModelGenerator>

		<sqlMapGenerator targetPackage="com.whty.dzuser.base.mapping"
			targetProject="src/main/java">
			<property name="enableSubPackages" value="true" />
		</sqlMapGenerator>

		<javaClientGenerator type="XMLMAPPER"
			targetPackage="com.whty.dzuser.base.dao" targetProject="src/main/java">
			<property name="enableSubPackages" value="true" />
		</javaClientGenerator>

<!-- 		<table tableName="ucs_employee"></table> -->
<!-- 		<table tableName="ucs_enterprise"></table> -->
<!-- 		<table tableName="ucs_enterprise_system"></table> -->
<!-- 		<table tableName="ucs_group"></table> -->
<!-- 		<table tableName="ucs_group_organization"></table> -->
		<table tableName="dz_user"></table>
<!-- 		<table tableName="ucs_role"></table> -->
<!-- 		<table tableName="ucs_role_permission"></table> -->
<!-- 		<table tableName="ucs_system"></table> -->
<!-- 		<table tableName="ucs_user"></table> -->
<!-- 		<table tableName="ucs_user_group"></table> -->
<!-- 		<table tableName="ucs_user_permission"></table> -->
<!-- 		<table tableName="ucs_user_role"></table> -->
		
<!-- 		<table tableName="ucs_role"></table> -->
<!-- 		<table tableName="ccs_tree_path"></table>  -->
<!-- 		<table tableName="ucs_system_permission"></table>  -->
<!-- 		<table tableName="ucs_system_shortcut"></table> -->
		
	</context>
</generatorConfiguration>