<?xml version="1.0" encoding="UTF-8"?>
<!DOCTYPE generatorConfiguration
    PUBLIC "-//mybatis.org//DTD MyBatis Generator Configuration 1.0//EN"
    "http://mybatis.org/dtd/mybatis-generator-config_1_0.dtd">

<generatorConfiguration>
    <!--<classPathEntry location="/Program Files/IBM/SQLLIB/java/db2java.zip" />-->

    <context id="Mybatis3Context" targetRuntime="MyBatis3">
        <property name="javaFileEncoding" value="UTF-8"/>
        <jdbcConnection driverClass="com.mysql.jdbc.Driver"
                        connectionURL="jdbc:mysql://localhost:3306/MyBatisCodeHelper?useLegacyDatetimeCode=false&amp;serverTimezone=UTC&amp;nullCatalogMeansCurrent=true"
                        userId="root"
                        password="">
        </jdbcConnection>

        <javaTypeResolver>
            <property name="forceBigDecimals" value="false"/>
        </javaTypeResolver>

        <javaModelGenerator targetPackage="model" targetProject="D:/van-project/van-will/src/main/java">
            <property name="enableSubPackages" value="true"/>
            <property name="trimStrings" value="true"/>
        </javaModelGenerator>

        <sqlMapGenerator targetPackage="mapperxml" targetProject="D:/van-project/van-will/src/main/resources">
            <property name="enableSubPackages" value="true"/>
        </sqlMapGenerator>

        <javaClientGenerator type="XMLMAPPER" targetPackage="mapper" targetProject="D:/van-project/van-will/src/main/java">
            <property name="enableSubPackages" value="true"/>
        </javaClientGenerator>

        <table tableName="Customer" domainObjectName="Customer" enableCountByExample="false"
               enableDeleteByExample="false" enableUpdateByExample="false" enableSelectByExample="false">
        </table>

    </context>
</generatorConfiguration>